Precision,Recall,mAP50,mAP50-95
0.9993852357429354,0.9988241370945108,0.9949998238071746,0.99425203215524
